CREATE DATABASE  IF NOT EXISTS `secomp` /*!40100 DEFAULT CHARACTER SET latin1 */;
USE `secomp`;
-- MySQL dump 10.13  Distrib 5.5.16, for Win32 (x86)
--
-- Host: localhost    Database: secomp
-- ------------------------------------------------------
-- Server version	5.5.25a

/*!40101 SET @OLD_CHARACTER_SET_CLIENT=@@CHARACTER_SET_CLIENT */;
/*!40101 SET @OLD_CHARACTER_SET_RESULTS=@@CHARACTER_SET_RESULTS */;
/*!40101 SET @OLD_COLLATION_CONNECTION=@@COLLATION_CONNECTION */;
/*!40101 SET NAMES utf8 */;
/*!40103 SET @OLD_TIME_ZONE=@@TIME_ZONE */;
/*!40103 SET TIME_ZONE='+00:00' */;
/*!40014 SET @OLD_UNIQUE_CHECKS=@@UNIQUE_CHECKS, UNIQUE_CHECKS=0 */;
/*!40014 SET @OLD_FOREIGN_KEY_CHECKS=@@FOREIGN_KEY_CHECKS, FOREIGN_KEY_CHECKS=0 */;
/*!40101 SET @OLD_SQL_MODE=@@SQL_MODE, SQL_MODE='NO_AUTO_VALUE_ON_ZERO' */;
/*!40111 SET @OLD_SQL_NOTES=@@SQL_NOTES, SQL_NOTES=0 */;

--
-- Table structure for table `atividades`
--

DROP TABLE IF EXISTS `atividades`;
/*!40101 SET @saved_cs_client     = @@character_set_client */;
/*!40101 SET character_set_client = utf8 */;
CREATE TABLE `atividades` (
  `idatividades` int(11) NOT NULL AUTO_INCREMENT,
  `titulo` varchar(300) NOT NULL,
  `descricao` varchar(500) NOT NULL,
  `categoria_idcategoria` int(11) NOT NULL,
  `imagem` varchar(200) NOT NULL,
  PRIMARY KEY (`idatividades`,`categoria_idcategoria`),
  KEY `fk_atividades_categoria` (`categoria_idcategoria`),
  CONSTRAINT `fk_atividades_categoria` FOREIGN KEY (`categoria_idcategoria`) REFERENCES `categoria` (`idcategoria`) ON DELETE NO ACTION ON UPDATE NO ACTION
) ENGINE=InnoDB AUTO_INCREMENT=56 DEFAULT CHARSET=latin1;
/*!40101 SET character_set_client = @saved_cs_client */;

--
-- Dumping data for table `atividades`
--

LOCK TABLES `atividades` WRITE;
/*!40000 ALTER TABLE `atividades` DISABLE KEYS */;
INSERT INTO `atividades` VALUES (1,'Rails na prática (Turma 01)','Instrutor: Marco Antônio Filho<br><br>O curso visa apresentar como criar sistemas web apoiados por bancos de dados usando o framework Ruby on Rails (ou Rails para os íntimos). Os estudantes passarão pelas etapas mais comuns na criação de uma pequena, mas poderosa aplicação. Dentre os tópicos abordados estão a orientação a objetos em Ruby, arquitetura MVC, recursos Restful, plugins e testes.',7,'img/marco.png'),(2,'Check In','Check In: Entrega de crachás, pastas, camisas, entre outros.',2,''),(3,'Abertura','Cerimônia de abertura do evento.',2,''),(4,'Paulo Cunha - Keynote','A importância da Sociedade Científica: por que se associar a Sociedade Brasileira de Computação? <br><br>A Sociedade Brasileira de Computação tem um papel fundamental no avanço da tecnologia no Brasil. Através do ensino, da pesquisa e da sua função política, a Sociedade trabalha na promoção da emancipação tecnológica no País; na preservação e aprimoramento do espírito crítico da área; na inclusão social dos profissionais de Tecnologia da Informação e Comunicação (TIC) com a ciência e o mercado d',2,'img/cunha_big.png'),(5,'Keynote','Keynote',2,'img/cunha_big.png'),(6,'Coquetel','Coquetel',2,''),(7,'Visualização de Evolução de Software','Palestra: Visualização de Evolução de Software<br>Palestrante: Manoel Mendonça<br>Evolução é um dos temas mais importantes da engenharia de software. Esta atividade geralmente lida com grandes quantidades de dados. A visualização de software tem como objetivo ajudar as pessoas a compreender o software através do uso de recursos visuais. Visualização pode ser um auxílio poderoso para analisar e compreender a evolução do software. Esta palestra dará uma visão ampla das atuais abordagens de visuali',3,'img/manoel_big.png'),(8,'Debian - O Sistema Operacional Universal','Palestrante: Antônio Terceiro<br><br>O projeto Debian foi criado em 1993 para desenvolver uma distribuição GNU/Linux competitiva dentro de um paradigma de desenvolvimento aberto e colaborativo. 19 anos depois, o Debian mobiliza cerca de 1000 colaboradores ao redor do mundo, suporta 3 kernels diferentes, 10 arquiteturas de processadores, fornece 30.000 pacotes de software e é a base de um rico ecossistema de sistemas derivados. Nesta palestra, vamos descobrir os princípios do projeto Debian, seus',5,'img/terceiro_big.png'),(9,'Coding Dojo: PHP com BDD','Palestrante: Marcio Albuquerque<br><br>Venha entender como funciona o BDD - Behavior-driven Development - usando PHP, Behat e Selenium! Iremos usar o BDD para desenvolver uma tela que mostra o que estão falando no Twitter sobre uma determinada pessoa, empresa, evento, etc. Testes automatizados, requisitos e testes de aceitação escritos são alguns dos efeitos colaterais benéficos do método!',6,'img/marcio.jpg'),(10,'Python para Cobras','Instrutor: Osvaldo Matos<br><br>Python é uma linguagem de programação de alto nível, interpretada, imperativa, orientada a objetos, de tipagem dinâmica e prioriza a legibilidade do código sobre a velocidade ou expressividade. Neste minicurso você vai conhecer os principais recursos da linguagem Python (usadas por empresas como Google e Dropbox) e compreender porque é tão fácil de aprender e usar.',7,'img/tupi_big.png'),(11,'Palestra: Web das Coisas: integrando o mundo real à Web','Palestrante: Cássio Prazeres <br><br>Dispositivos eletrônicos estão cada vez mais comuns nas tarefas do dia-a-dia: pequenos computadores com grande poder de processamento, smartphones, dispositivos móveis, tablets, smart TVs, sensores e atuadores, dentre outros. Dessa forma, surge a oportunidade de criar novas e interativas aplicações a partir da combinação de dispositivos heterogêneos. Entretanto, integrar dispositivos de diferentes capacidades, funcionalidades, aplicações, middlewares e protoc',3,'img/cassio.png'),(12,'Palestra: Desafios no desenvolvimento de sistemas distribuídos modernos','Palestrante: Fabíola Greve<br><br>Graduou-se pela Universidade Federal da Bahia (UFBA) em Ciência da Computação (1988), realizou seu mestrado em Ciência da Computação (1991) na UNICAMP e concluiu o seu doutorado em Informática (2002) pela Université Rennes I e Laboratórios IRISA-INRIA, França. Em 2010, realizou pós-doutorado no LIP6, Université Pierre et Mari Curie, França. Atua principalmente nas áreas de algoritmos e sistemas distribuídos, além de tolerância a falhas e desenvolvimento de siste',3,'img/fabiola.jpg'),(13,'Como transformar uma ideia em um grande negócio através do processo de incubação de empresas','Palestrante: Armando Ribeiro<br><br>A palestra descreve os passos mais importantes para desenvolver um negócio de sucesso a partir de uma ideia. Serão apresentados o Método Canvas para elaboração do modelo de negócios e o processo de incubação de empresas.',5,'img/armando.png'),(14,'Palestra: SaferNet Brasil & Software Livre: De onde viemos, o que fazemos, para onde vamos','Palestrante: Caio Almeida <br><br>A SaferNet Brasil é uma associação sem fins lucrativos que atua no combate e prevenção aos crimes contra os direitos humanos na Internet, em parceria com Ministérios Públicos, Polícia Federal e Secretaria de Direitos Humanos da Presidência da República, dentre outras organizações nacionais e internacionais. A SaferNet possui como um dos seus valores fundamentais o software livre, e nesta apresentação, o coordenador de TI da instituição apresentará soluções basea',5,'img/caio_big.png'),(15,'Almoço','Almoço',2,''),(16,'Palestra: HBase: Realtime Big Data','Palestrante: Leonardo Gamas<br><br>Baseado no BigTable do Google, o HBase é uma solução open-source de leitura/escrita randômica para o ecossistema do Hadoop. Seu principal objetivo é acomodar tabelas enormes, bilhões de linhas x milhões de colunas, mantendo uma escalabilidade linear. Nesta palestra abordaremos os principais recursos do HBase, sua arquitetura, aplicações e limitações.',3,'img/leogamas.png'),(17,'Palestra: Desenvolvendo grandes aplicações Web com um micro-Framework','Palestrante: Osvaldo Matos<br><br>Flask é uma micro-framework escrito em python para desenvolvimento de aplicações web. Micro por manter seu núcleo simples. Porém, extensível, delegando ao desenvolvedor a responsabilidade em escolher outras tecnologias, como banco de dados ou sistema para renderização de templates. Entenda como o Flask pode ser usado para desenvolver uma aplicação simples ou grandes portais da Web.',3,'img/tupi_big.png'),(18,'Empreendedorismo','Empreendedorismo',3,''),(19,'Palestra: Algoritmos para Redes de Sensores Sem Fio','Palestrante: Flávio Assis<br><br>O objetivo desta palestra é apresentar algumas das principais questões envolvidas no desenvolvimento de algoritmos para redes de sensores sem fio. Após a apresentação das características principais destas redes, serão apresentadas questões de pesquisa relacionadas ao desenvolvimento de modelos para estas redes e alguns dos problemas fundamentais sendo pesquisados.',5,'img/flavio.png'),(20,'Palestra: $PHP->comunidade++','Palestrante: Marcio Albuquerque<br><br>Muita gente que ainda critica o PHP fala do PHP 3 ou 4, versões antigas, velhas, muito ultrapassadas! Já estamos na versão 5 e, mesmo esta versão, já passou por mudanças MUITO INTERESSANTES que vale a penas destacar. Mas o grande salto do PHP nos últimos 2 anos foi a participação e integração da comunidade. Agora, a comunidade PHP está trabalhando para a comunidade e criando coisas que facilitam nosso trabalho. Composer, Packagist, FIG, novas versões dos fr',5,'img/marcio.jpg'),(21,'Palestra: Libertando o PIC: desenvolvendo para microcontroladores com software livre','Palestrante: Samy Nascimento<br><br>Microcontroladores são sistemas computacionais completos em um único chip, que possuem a capacidade de interagir com o mundo através de suas entradas e saídas, sendo os principais elementos da chamada computação física. A palestra busca apresentar os PICs, da Microchip, uma família bastante popular e acessível de microcontroladores e suas principais ferramentas livres para desenvolvimento de sistemas embarcados.<br>Observação SEMCOMP: Oficina realizada por Sam',5,'img/samy2.jpg'),(22,'LAB FOR CHANGE','Por: Choice<br><br>Workshop realizado pelo movimento CHOICE com o objetivo de geração de ideias, de modo coletivo e dinâmico, para amenização de graves problemas sociais do país.',4,'img/choice.png'),(23,'SVG na perspectiva do programador','SVG na perspectiva do programador',6,''),(24,'Tratamento de incidentes de segurança','Instrutor: Italo Valcy<br><br>O minicurso apresenta os conceitos e descreve as fases de tratamento de incidentes de segurança, listando os principais desafios que norteiam o tratamento de incidentes de segurança em instituições que utilizam NAT e DHCP (cenário bastante comum). Por fim, apresenta-se uma ferramenta desenvolvida pelo CERT.Bahia, o TRAIRA, que atua nas fases de detecção e contenção do ciclo de vida de um incidente.',7,'img/italo_big.jpg'),(25,'Coffee Break','Coffee Break',2,''),(26,'Sergio Cavalcante - Keynote','Palestra: A Inovação como Ferramenta para o Desenvolvimento Regional<br><br>Apenas na última década a palavra inovação ganhou força no Brasil. Incentivos vem sendo criados, o venture capital está amadurecendo, a academia enxerga a relação com o mercado com outros olhos e vice-versa. Apesar do desenvolvimento ainda há um longo caminho até que o país se torne competitivo no campo da produção de inovações tecnológicas no mundo. Esta palestra abordará estes temas a partir da história do C.E.S.A.R qu',2,'img/sergio_big.png'),(27,'Nívio Ziviani - Keynote','Palestra: Mobilizando Conhecimento para Geração de Riqueza por Meio da Inovação <br><br>Uma forma importante de geração de riqueza nos países desenvolvidos é a criação de empresas start-up a partir de resultados de pesquisa. O objetivo desta palestra é discutir a experiência na criação de start-ups no DCC/UFMG, onde podemos citar três exemplos: a Miner Technology Group, fundada em abril de 1998 a partir de dissertação de mestrado e vendida para o grupo Folha de São Paulo/UOL em junho de 1999, a ',2,'img/ziviani_big.png'),(28,'Alexandre Gomes ','Palestra: Desempreendedorismo <br><br> Desempreendedorismo é uma ode desmotivacional ao exercício empresaria. Tradicionalmente orbitando em torno de discursos repletos de boas histórias e casos de sucesso, a rotina empreendedora carece de verdades. Só quem de fato abraçou a causa conhece o lado não revelado do empreendedor de sucesso. Contaremos o que acontece por trás dos bastidores. Falaremos de tombos fracassos, falácias e frustrações. Esta palestra não é aconselhavel para os fracoso,oprimido',2,'img/alegomes_big.png'),(29,'Fábio Akita','Palestra: A Semente não entendida de todas as metodologias <br><br>É muito fácil ficar confuso com tantas novas metodologias ou processos que existem no mercado de TI. Desde tradicionais que envolvem coisas como ISO ou CMMi até as ditas ’modernas’ e ’ágeis’ como Scrum, Extreme Programming, Crystal, e agora Lean e Kanban. Mais do que isso, muitas empresas estão realmente adotando e implementando essas metodologias, muitos estão treinando como implementá-las, muitos ainda tentando entender a difer',2,'img/akita_big.png'),(30,'O Jovem Pesquisador - Experiências e Reflexões','Palestrante: Eduardo Almeida<br><br> No fim da década de 60, nascia o termo Engenharia de Software. O termo foi definido como o estabelecimento e o uso de sólidos princípios de engenharia para que se possa obter economicamente, um software que seja confiável e que funcione eficientemente em máquinas reais. ',3,'img/esa_big.png'),(31,'Dados abertos: dados pessoais e anonimização de bases.','Palestrante: Roberto Pinho<br><br>O que significa preservar a privacidade em bases de dados sujeitas à análise? <br>A palestra iniciará abordado as oportunidades e riscos de dados abertos, seguido de exemplos de vulnerabilidades e algumas estratégias para permitir a análise de dados.',3,'img/pinho_big.png'),(32,'Kinect - Muito além do XBOX','Palestrante: André Paulovich<br><br>Conheça o Kinect e suas principais bibliotecas e descubra o potencial que este equipamento tem para criar jogos e outras aplicações. Aprenda conceitos de NUI e veja um pouco sobre o que o futuro nos reserva com relação a interação homem-maquina.',3,'img/paulovich_big.png'),(33,'Let’s Kanban?','Palestrante: Andrea Pinto<br><br>Kanban é um dos conceitos inerentes ao Toyota Production System (TPS), sistema que incorpora praticas e filosofias de gerenciamento, precursor do lean maufacturing. David Anderson, autor do livro “Kanban: Successful Evolutionary Change for Your Technology Business” trouxe o conceito para o contexto de TI intitulando Kanban como um sistema para melhoria evolucionaria continua. Conceitos como WIP (Work-In-Progress) e fluxo continuo sao utilizados em toda a cadeia d',3,'img/andrea.png'),(34,'Arquitetura de Software - Construindo sistemas escalaveis','Palestrante: André Azevedo<br><br>Conheça a arquitetura que atende milhares de usuarios simultaneos e milhões e milhoes de requisições diárias de forma simples, funcional e com baixo custo. Conheça as técnicas utilizadas e aprenda como implementá-las.',3,'img/dudu_big.png'),(35,'Processos de negócio e o desenvolvimento de soluções','Palestrante: Viviane Malheiros<br><br>Uma visão orientada a processos é essencial para o desenvolvimento de soluções integradas e eficazes. Esta palestra apresenta uma introdução a conceitos de gestão por processos de negócio (BPM), modelagem por processos utilizando BPMN e como a gestão e a modelagem de processos podem contribuir para o desenvolvimento de soluções.',3,'img/viviane_big.png'),(36,'Join Us ThoughtWorks','Processo seletivo da ThoughtWorks',5,'img/join_us3.png'),(37,'Computação Sensível ao Contexto: Como as aplicações podem se adaptar para atender às necessidades dos usuários?','Palestrante: Vaninha Vieira<br><br>A necessidade dos usuários de realizar tarefas complexas e de processar crescente volume de informação em pouco tempo apresenta um novo desafio aos sistemas computacionais: como diminuir a necessidade da interação explícita do usuário com o sistema para obter o que deseja? Contexto é o conhecimento que permite definir o que é ou não relevante em uma dada situação. Sistemas sensíveis ao contexto (CSS) são aqueles que usam o contexto para filtrar e disseminar inf',5,'img/vaninha.png'),(38,'Como tornar-se Gerente de Projetos?','Palestrante: Cristina Serravalle<br><br>Cada vez mais o mercado de trabalho exige que profissionais e empresas evoluam, inovem e se certifiquem em diferentes áreas. Nunca se fez tantos projetos como na última década. O mundo hoje necessita de gerentes de projetos, das mais diversas áreas,e o Brasil ocupa um lugar de destaque como país de oportunidades. Por isso você não pode deixar de participar deste evento. Venha e traga suas dúvidas! Faremos o possível para esclarecê-las e mostrar que é mais ',5,'img/cristina.png'),(39,'Programas acadêmicos da Microsoft','Palestrante: João Felipe Portela<br><br>Palestra voltada a apresentação de programas acadêmicos da Microsoft para estudantes. Foco na apresentação do DreamSpark. Por fim, sorteios de vouchers do DreamSpark.',6,'img/joaofelipe.png'),(40,'Práticas Ágeis de Desenvolvimento de Software','Palestrante: Luiz Cláudio<br><br>Ano após ano, pesquisas mostram que as formas tradicionais de desenvolvimento de software não têm atingido as expectativas. Para enfrentar esta realidade, e baseados em suas próprias experiências, diversos autores pensaram métodos alternativos, capazes de assimilar as mudanças e de respeitar o fator humano do processo.',6,'img/luizclaudio.png'),(41,'Onda Digital: Conectando o saber acadêmico às demandas sociodigitais','Palestrante: Débora Abdalla<br><br>O programa permanente de extensão da UFBA, Programa Onda Digital (POD), foi criado em 2004, sob a coordenação do Departamento de Ciência da Computação (DCC) e abriga 04 projetos de extensão: Contribuir no processo de inclusão sócio-digital na Bahia, envolvendo a Universidade em ações educativas, sociais, culturais e de difusão da filosofia do software livre.',6,'img/ondadigital.png'),(42,'Startupeiros: O que são? Em que acreditam? Quando dormem? Como sobrevivem sem dinheiro?','Palestrante: Bruno Vinicius<br><br>Startup é o novo pretinho básico. Venha separar o glamour da realidade e descobrir se o caminho do empreendedorismo tecnológico de impacto cai bem em você. Conversaremos sobre a importância de um ecossistema bem desenvolvido, sobre as metodologias utilizadas pelas startups, e farei um reporte sobre a atual situação de Salvador nesse cenário, para pensarmos juntos como podemos nos inserir e fazermos a diferença.',6,'img/bruno.png'),(43,'Coding Dojo: Python','Palestrante: Luiz Cláudio<br><br>Iniciando com o que é um coding dojo, especialmente para quem ainda não tiver participado, será apresentada resumidamente as características da linguagem de programação Python seguido da apresentação de um problema. Feito isto, haverá a condução do dojo, propriamente dito, seguido de uma retrospecttiva da atividade.',6,'img/luizclaudio.png'),(44,'Como transformar ideias em negócios','Por: Eureca<br><br>Se você já leu em algum lugar que o primeiro passo de um empreendedor é elaborar um Plano de Negócios, venha quebrar esse e outros mitos no workshop \"Como transformar ideias em negócios\". Você vai aprender (e PRATICAR) técnicas de ideação e modelagem de Você vai aprender (e PRATICAR) técnicas de ideação e modelagem de negócios, e ter uma visão muito mais clara sobre qual o verdadeiro processo usado por empreendedores de sucesso para tornarem sonhos em realidade!',4,'img/eureca.png'),(45,'Rails na Prática (Turma 02)','Instrutor: Marco Antônio Filho<br><br>O curso visa apresentar como criar sistemas web apoiados por bancos de dados usando o framework Ruby on Rails (ou Rails para os íntimos). Os estudantes passarão pelas etapas mais comuns na criação de uma pequena, mas poderosa aplicação. Dentre os tópicos abordados estão a orientação a objetos em Ruby, arquitetura MVC, recursos Restful, plugins e testes.',7,'img/marco.png'),(46,'OpenFlow e redes definidas por software','Instrutor: Italo Valcy<br><br>Nesse mini-curso será apresentado o conceito de Redes Definidas por Software (SDN, do inglês Software-Defined Networking) e como implementar esse conceito utilizando a tecnologia OpenFlow, a fim de realizar testes e experimentação em redes.',7,'img/italo_big.jpg'),(47,'Desenvolvimento Mobile: Native x Web x Hybrid Apps','Palestrante: Marlon Carvalho<br><br>Muitas empresas e desenvolvedores buscam entrar no mercado de desenvolvimento para dispositivos móveis, entretanto, quando chegam nessa praia, encontram uma infinidade de tecnologias e possibilidades. As opções são muitas e sempre encontramos pessoas se perguntando: faço meu aplicativo nativamente? Faço com WebApps? Existem outras opções? Quais as vantagens e desvantagens de cada uma? Quais as opções disponívies? É comum as pessoas acreditarem que existe uma b',8,'img/marlon_big.png'),(48,'Ecossistema Ruby on Rails','Palestrante: Fábio Akita<br><br>Ruby on Rails é atualmente um dos melhores frameworks para auxiliar no desenvolvimento de aplicações Web modernas. As principais startups e sites mais famosos são hoje desenvolvidos em Ruby. Nesta palestra vamos explorar um pouco deste ecossistema, sobre o que é o framework Ruby on Rails, a linguagem Ruby, tecnologias modernas, novas startups no Brasil e no mundo.',8,'img/akita_big.png'),(49,'A escola do século XXI tem que ser ágil, enxuta e empreendedora','Palestrante: Alexandre Gomes<br><br>A escola deve se adaptar à nova dinâmica do mundo. Não faz mais sentido ensinar (e aprender) conforme roteiros seculares. É incoerente com a nova lógica de mercado querer, o educador moderno, vestir-se de dono da verdade, como se fazia em tempos de escassez da informação, e tratar o ensino como fruto de um processo de produção em massa. Nesta apresentação, revisitaremos a falência do sistema educacional moderno, refletindo sobre como reinventar a escola e rede',8,'img/alegomes_big.png'),(50,'Conhecendo a Globo.com','Palestrante: Tiago Albineli<br><br>Bate-papo com objetivo de apresentar um pouco mais do ambiente, estrutura e organização da Globo.com, compartilhar um pouco da rotina de alguns desenvolvedores e áreas de desenvolvimento da empresa, além claro de mostrar o que é preciso para entrar nela.',8,'img/gcom3.jpg'),(51,'Metaprogramação em Python','Palestrante: Tiago Albineli<br><br>A idéia da palestra é sair um pouco do arroz com feijão de Python e nos embrenhar em exemplos e conceitos de como extender a linguagem, frameworks e libs com metaprogramação. Mostrarei exemplos práticos e úteis, e farei comparações com outras linguagens como Ruby e Java.',8,'img/albineli_big.png'),(52,'Continuous Delivery','Palestrante: Ronaldo Ferraz<br><br>Um ponto que permanece ainda rudimentar é como colocar aplicação em produção, e uma vez lá, como continuar a desenvolvê-las, entregando ainda mais valor. O movimento nascente de DevOps e as práticas de entrega contínua advogadas pelo mesmo estão dando grandes saltos nessa direção, ajudando gerir essa complexidade com maior eficiência. O objetivo dessa palestra é mostrar quais são as técnicas atuais sendo desenvolvidas nessa área, incluindo automação de provisio',8,'img/ronaldo_big.png'),(53,'CSS´s Dinâmicos','Palestrante: André Paulovich<br><br>Nesta palestra, vamos abordar um tema muito comum e de fácil aprendizagem. Todo desenvolvedor que trabalhe com internet hoje em dia, precisa aprender a tornar a linguagem de marcação CSS (Cascading Style Sheets) utilizada para definir a apresentação dos documentos HTML em uma linguagem completamente nova e poderosa, capaz de oferecer grande produtividade. Vamos explorar diferentes frameworks como SASS e LESS e suas vantagens e desvantagens.',8,'img/paulovich_big.png'),(54,'Verdades e mitos sobre o mercado de trabalho','Palestrante: Luiz Real<br><br>Vai sair da faculdade para fazer trabalhos e repetitivos e sem graça? Trabalhar no mundo corporativo pode ser frustrante para quem gosta de programar. Mas não precisa ser assim. Nessa palestra, vamos ver alguns mitos e verdades sobre o que um bom programador pode esperar sobre o seu futuro no mercado de trabalho.',8,'img/caelum_js.png'),(55,'Encerramento','Encerramento',2,'');
/*!40000 ALTER TABLE `atividades` ENABLE KEYS */;
UNLOCK TABLES;

--
-- Table structure for table `categoria`
--

DROP TABLE IF EXISTS `categoria`;
/*!40101 SET @saved_cs_client     = @@character_set_client */;
/*!40101 SET character_set_client = utf8 */;
CREATE TABLE `categoria` (
  `idcategoria` int(11) NOT NULL AUTO_INCREMENT,
  `descricao` varchar(200) NOT NULL,
  PRIMARY KEY (`idcategoria`)
) ENGINE=InnoDB AUTO_INCREMENT=9 DEFAULT CHARSET=latin1;
/*!40101 SET character_set_client = @saved_cs_client */;

--
-- Dumping data for table `categoria`
--

LOCK TABLES `categoria` WRITE;
/*!40000 ALTER TABLE `categoria` DISABLE KEYS */;
INSERT INTO `categoria` VALUES (2,'Principal'),(3,'Globo.com'),(4,'Empreendedor'),(5,'Inovação'),(6,'Ciência'),(7,'Tecnologia'),(8,'Versátil');
/*!40000 ALTER TABLE `categoria` ENABLE KEYS */;
UNLOCK TABLES;

--
-- Table structure for table `sala_atividades`
--

DROP TABLE IF EXISTS `sala_atividades`;
/*!40101 SET @saved_cs_client     = @@character_set_client */;
/*!40101 SET character_set_client = utf8 */;
CREATE TABLE `sala_atividades` (
  `atividades_idatividades` int(11) NOT NULL,
  `atividades_categoria_idcategoria` int(11) NOT NULL,
  `sala_idsala` int(11) NOT NULL,
  `hora_inicio` time NOT NULL,
  `hora_fim` time NOT NULL,
  `data` date NOT NULL,
  PRIMARY KEY (`atividades_idatividades`,`atividades_categoria_idcategoria`,`sala_idsala`,`hora_inicio`,`hora_fim`,`data`),
  KEY `fk_atividades_has_sala_sala1` (`sala_idsala`),
  KEY `fk_atividades_has_sala_atividades1` (`atividades_idatividades`,`atividades_categoria_idcategoria`),
  CONSTRAINT `fk_atividades_has_sala_atividades1` FOREIGN KEY (`atividades_idatividades`, `atividades_categoria_idcategoria`) REFERENCES `atividades` (`idatividades`, `categoria_idcategoria`) ON DELETE NO ACTION ON UPDATE NO ACTION,
  CONSTRAINT `fk_atividades_has_sala_sala1` FOREIGN KEY (`sala_idsala`) REFERENCES `sala` (`idsala`) ON DELETE NO ACTION ON UPDATE NO ACTION
) ENGINE=InnoDB DEFAULT CHARSET=latin1;
/*!40101 SET character_set_client = @saved_cs_client */;

--
-- Dumping data for table `sala_atividades`
--

LOCK TABLES `sala_atividades` WRITE;
/*!40000 ALTER TABLE `sala_atividades` DISABLE KEYS */;
INSERT INTO `sala_atividades` VALUES (1,7,1,'08:00:00','09:00:00','2012-10-03'),(1,7,1,'09:00:00','10:00:00','2012-10-03'),(1,7,1,'10:00:00','11:00:00','2012-10-03'),(1,7,1,'11:00:00','12:00:00','2012-10-03'),(10,7,1,'08:00:00','09:00:00','2012-10-04'),(10,7,1,'09:00:00','10:00:00','2012-10-04'),(10,7,1,'10:00:00','11:00:00','2012-10-04'),(10,7,1,'11:00:00','12:00:00','2012-10-04'),(24,7,1,'13:00:00','14:00:00','2012-10-04'),(24,7,1,'14:00:00','15:00:00','2012-10-04'),(24,7,1,'15:00:00','16:00:00','2012-10-04'),(45,7,1,'08:00:00','09:00:00','2012-10-05'),(45,7,1,'09:00:00','10:00:00','2012-10-05'),(45,7,1,'10:00:00','11:00:00','2012-10-05'),(45,7,1,'11:00:00','12:00:00','2012-10-05'),(46,7,1,'13:00:00','14:00:00','2012-10-05'),(46,7,1,'14:00:00','15:00:00','2012-10-05'),(46,7,1,'15:00:00','16:00:00','2012-10-05'),(9,6,2,'09:00:00','10:00:00','2012-10-04'),(9,6,2,'10:00:00','11:00:00','2012-10-04'),(23,6,2,'15:00:00','16:00:00','2012-10-04'),(39,6,2,'09:00:00','10:00:00','2012-10-05'),(40,6,2,'10:00:00','11:00:00','2012-10-05'),(41,6,2,'11:00:00','12:00:00','2012-10-05'),(42,6,2,'13:00:00','14:00:00','2012-10-05'),(43,6,2,'14:00:00','15:00:00','2012-10-05'),(43,6,2,'15:00:00','16:00:00','2012-10-05'),(8,5,3,'09:00:00','10:00:00','2012-10-04'),(13,5,3,'10:00:00','11:00:00','2012-10-04'),(14,5,3,'11:00:00','12:00:00','2012-10-04'),(19,5,3,'13:00:00','14:00:00','2012-10-04'),(20,5,3,'14:00:00','15:00:00','2012-10-04'),(21,5,3,'15:00:00','16:00:00','2012-10-04'),(36,5,3,'08:00:00','09:00:00','2012-10-05'),(36,5,3,'09:00:00','10:00:00','2012-10-05'),(36,5,3,'10:00:00','11:00:00','2012-10-05'),(36,5,3,'11:00:00','12:00:00','2012-10-05'),(37,5,3,'13:00:00','14:00:00','2012-10-05'),(38,5,3,'15:00:00','16:00:00','2012-10-05'),(7,3,4,'09:00:00','10:00:00','2012-10-04'),(11,3,4,'10:00:00','11:00:00','2012-10-04'),(12,3,4,'11:00:00','12:00:00','2012-10-04'),(16,3,4,'13:00:00','14:00:00','2012-10-04'),(17,3,4,'14:00:00','15:00:00','2012-10-04'),(18,3,4,'15:00:00','16:00:00','2012-10-04'),(30,3,4,'09:00:00','10:00:00','2012-10-05'),(31,3,4,'10:00:00','11:00:00','2012-10-05'),(32,3,4,'11:00:00','12:00:00','2012-10-05'),(33,3,4,'13:00:00','14:00:00','2012-10-05'),(34,3,4,'14:00:00','15:00:00','2012-10-05'),(35,3,4,'15:00:00','16:00:00','2012-10-05'),(2,2,5,'14:00:00','16:00:00','2012-10-03'),(3,2,5,'16:00:00','16:30:00','2012-10-03'),(4,2,5,'16:30:00','17:20:00','2012-10-03'),(5,2,5,'17:20:00','18:10:00','2012-10-03'),(6,2,5,'18:10:00','19:10:00','2012-10-03'),(15,2,5,'12:00:00','13:00:00','2012-10-04'),(15,2,5,'12:00:00','13:00:00','2012-10-05'),(15,2,5,'12:30:00','13:30:00','2012-10-06'),(25,2,5,'15:30:00','16:00:00','2012-10-06'),(25,2,5,'16:00:00','16:30:00','2012-10-04'),(25,2,5,'16:00:00','16:30:00','2012-10-05'),(26,2,5,'16:30:00','17:40:00','2012-10-04'),(27,2,5,'17:40:00','18:40:00','2012-10-04'),(28,2,5,'16:30:00','17:40:00','2012-10-05'),(29,2,5,'17:40:00','18:40:00','2012-10-05'),(55,2,5,'18:00:00','18:30:00','2012-10-06'),(47,8,6,'09:00:00','10:00:00','2012-10-06'),(48,8,6,'10:00:00','11:00:00','2012-10-06'),(49,8,6,'11:00:00','12:00:00','2012-10-06'),(50,8,6,'12:00:00','12:30:00','2012-10-06'),(51,8,6,'13:30:00','14:30:00','2012-10-06'),(52,8,6,'14:30:00','15:30:00','2012-10-06'),(53,8,6,'16:00:00','17:00:00','2012-10-06'),(54,8,6,'17:00:00','18:00:00','2012-10-06'),(22,4,7,'10:00:00','11:00:00','2012-10-05'),(22,4,7,'13:00:00','14:00:00','2012-10-04'),(22,4,7,'14:00:00','15:00:00','2012-10-04'),(44,4,7,'13:00:00','14:00:00','2012-10-05'),(44,4,7,'14:00:00','15:00:00','2012-10-05'),(44,4,7,'15:00:00','16:00:00','2012-10-05');
/*!40000 ALTER TABLE `sala_atividades` ENABLE KEYS */;
UNLOCK TABLES;

--
-- Table structure for table `sala`
--

DROP TABLE IF EXISTS `sala`;
/*!40101 SET @saved_cs_client     = @@character_set_client */;
/*!40101 SET character_set_client = utf8 */;
CREATE TABLE `sala` (
  `idsala` int(11) NOT NULL AUTO_INCREMENT,
  `descricao` varchar(200) NOT NULL,
  `localizacao` varchar(350) NOT NULL,
  PRIMARY KEY (`idsala`)
) ENGINE=InnoDB AUTO_INCREMENT=8 DEFAULT CHARSET=latin1;
/*!40101 SET character_set_client = @saved_cs_client */;

--
-- Dumping data for table `sala`
--

LOCK TABLES `sala` WRITE;
/*!40000 ALTER TABLE `sala` DISABLE KEYS */;
INSERT INTO `sala` VALUES (1,'Espaço Tecnologia: Laboratório - CPD','Avenida Ademar de Barros, s/n - Campus de Ondina CEP 40.170-110, Salvador-Bahia.'),(2,'Espaço Ciência: Auditório Hernani Sobral','Rua Aristides Novis, 02 - Federação, CEP 40210-630, Salvador-Bahia.'),(3,'Espaço Inovação : Auditório José Lourenço Costa','Rua Aristides Novis, 02 - Federação, CEP 40210-630, Salvador-Bahia.'),(4,'Espaço globo.com : Auditório Magno Valente','Rua Aristides Novis, 02 - Federação, CEP 40210-630, Salvador-Bahia.'),(5,'Salão Principal : Auditório Leopoldo Amaral','Rua Aristides Novis, 02 - Federação, CEP 40210-630, Salvador-Bahia.'),(6,'Espaço Versátil: Ondina Apart Hotel','Avenida Oceânica, 2400 - Ondina Salvador - BA, 40170-010'),(7,'Espaço Empreendedor: Politécnica','Rua Aristides Novis, 02 - Federação, CEP 40210-630, Salvador-Bahia');
/*!40000 ALTER TABLE `sala` ENABLE KEYS */;
UNLOCK TABLES;
/*!40103 SET TIME_ZONE=@OLD_TIME_ZONE */;

/*!40101 SET SQL_MODE=@OLD_SQL_MODE */;
/*!40014 SET FOREIGN_KEY_CHECKS=@OLD_FOREIGN_KEY_CHECKS */;
/*!40014 SET UNIQUE_CHECKS=@OLD_UNIQUE_CHECKS */;
/*!40101 SET CHARACTER_SET_CLIENT=@OLD_CHARACTER_SET_CLIENT */;
/*!40101 SET CHARACTER_SET_RESULTS=@OLD_CHARACTER_SET_RESULTS */;
/*!40101 SET COLLATION_CONNECTION=@OLD_COLLATION_CONNECTION */;
/*!40111 SET SQL_NOTES=@OLD_SQL_NOTES */;

-- Dump completed on 2012-10-03  2:43:51
